Model,Accuracy,Precision,Recall,F1_Score
RoBERTa-Teacher,0.9108320750218548,0.909915266803131,0.9108320750218548,0.9098887138794104
DistilBERT-Teacher,0.8992291186521497,0.8981609723066283,0.8992291186521497,0.8985042290702626
SVM,0.8023523801955018,0.8161427954968239,0.8023523801955018,0.8062457371916817
VADER,0.752284828737185,0.7580178452320896,0.752284828737185,0.7499907488423755
Naive Bayes,0.7436223476118573,0.7426556286096015,0.7436223476118573,0.7193645331897489
